rank,mrmr_mean,mrmr_max
1,"value__agg_linear_trend__attr_""slope""__chunk_len_5__f_agg_""mean""","value__agg_linear_trend__attr_""slope""__chunk_len_5__f_agg_""mean"""
2,value__energy_ratio_by_chunks__num_segments_10__segment_focus_1,value__energy_ratio_by_chunks__num_segments_10__segment_focus_1
3,"value__fft_coefficient__attr_""abs""__coeff_1",value__ratio_value_number_to_time_series_length
4,"value__fft_coefficient__attr_""angle""__coeff_40","value__change_quantiles__f_agg_""var""__isabs_False__qh_0.8__ql_0.4"
5,"value__fft_coefficient__attr_""imag""__coeff_87",value__longest_strike_above_mean
6,"value__change_quantiles__f_agg_""var""__isabs_False__qh_0.8__ql_0.4","value__fft_coefficient__attr_""angle""__coeff_40"
7,"value__fft_coefficient__attr_""angle""__coeff_17",value__range_count__max_1__min_-1
8,value__index_mass_quantile__q_0.6,"value__fft_coefficient__attr_""imag""__coeff_87"
9,"value__agg_linear_trend__attr_""slope""__chunk_len_10__f_agg_""mean""","value__fft_coefficient__attr_""angle""__coeff_17"
10,value__index_mass_quantile__q_0.1,value__lempel_ziv_complexity__bins_100
11,"value__change_quantiles__f_agg_""var""__isabs_False__qh_0.6__ql_0.4","value__fft_coefficient__attr_""real""__coeff_52"
12,"value__agg_linear_trend__attr_""slope""__chunk_len_50__f_agg_""mean""","value__fft_coefficient__attr_""angle""__coeff_41"
13,value__longest_strike_above_mean,"value__fft_coefficient__attr_""angle""__coeff_68"
14,value__percentage_of_reoccurring_datapoints_to_all_datapoints,"value__fft_coefficient__attr_""angle""__coeff_45"
15,"value__linear_trend__attr_""slope""","value__fft_coefficient__attr_""abs""__coeff_1"
16,value__index_mass_quantile__q_0.3,"value__fft_coefficient__attr_""real""__coeff_17"
17,"value__agg_linear_trend__attr_""rvalue""__chunk_len_10__f_agg_""mean""","value__fft_coefficient__attr_""angle""__coeff_51"
18,"value__agg_linear_trend__attr_""slope""__chunk_len_5__f_agg_""max""",value__ar_coefficient__coeff_0__k_10
19,value__symmetry_looking__r_0.15000000000000002,"value__fft_coefficient__attr_""abs""__coeff_82"
20,"value__fft_coefficient__attr_""imag""__coeff_38","value__fft_coefficient__attr_""imag""__coeff_38"
21,"value__change_quantiles__f_agg_""mean""__isabs_True__qh_0.6__ql_0.4","value__fft_coefficient__attr_""imag""__coeff_99"
22,"value__fft_coefficient__attr_""angle""__coeff_41","value__fft_coefficient__attr_""angle""__coeff_25"
23,value__lempel_ziv_complexity__bins_100,"value__fft_coefficient__attr_""angle""__coeff_76"
24,"value__agg_linear_trend__attr_""slope""__chunk_len_50__f_agg_""max""","value__fft_coefficient__attr_""angle""__coeff_2"
25,"value__fft_coefficient__attr_""angle""__coeff_45","value__agg_linear_trend__attr_""rvalue""__chunk_len_10__f_agg_""mean"""
26,"value__fft_coefficient__attr_""angle""__coeff_68","value__fft_coefficient__attr_""imag""__coeff_60"
27,"value__agg_linear_trend__attr_""stderr""__chunk_len_10__f_agg_""mean""","value__fft_coefficient__attr_""real""__coeff_37"
28,"value__agg_linear_trend__attr_""slope""__chunk_len_10__f_agg_""max""","value__fft_coefficient__attr_""imag""__coeff_80"
29,"value__fft_coefficient__attr_""abs""__coeff_82","value__fft_coefficient__attr_""imag""__coeff_98"
30,"value__fft_coefficient__attr_""real""__coeff_52","value__fft_coefficient__attr_""imag""__coeff_91"
31,"value__fft_coefficient__attr_""real""__coeff_17","value__fft_coefficient__attr_""angle""__coeff_63"
32,"value__change_quantiles__f_agg_""var""__isabs_True__qh_0.2__ql_0.0","value__fft_coefficient__attr_""real""__coeff_46"
33,"value__agg_linear_trend__attr_""stderr""__chunk_len_50__f_agg_""mean""","value__fft_coefficient__attr_""real""__coeff_28"
34,value__kurtosis,"value__change_quantiles__f_agg_""mean""__isabs_False__qh_0.8__ql_0.6"
35,"value__fft_coefficient__attr_""angle""__coeff_51",value__energy_ratio_by_chunks__num_segments_10__segment_focus_3
36,value__ar_coefficient__coeff_0__k_10,"value__fft_coefficient__attr_""angle""__coeff_85"
37,"value__agg_linear_trend__attr_""rvalue""__chunk_len_50__f_agg_""mean""","value__fft_coefficient__attr_""real""__coeff_85"
38,"value__change_quantiles__f_agg_""var""__isabs_True__qh_0.6__ql_0.4","value__fft_coefficient__attr_""angle""__coeff_59"
39,"value__fft_coefficient__attr_""imag""__coeff_80","value__fft_coefficient__attr_""angle""__coeff_88"
40,value__autocorrelation__lag_1,"value__cwt_coefficients__coeff_14__w_2__widths_(2, 5, 10, 20)"
41,value__percentage_of_reoccurring_values_to_all_values,"value__fft_coefficient__attr_""imag""__coeff_81"
42,value__partial_autocorrelation__lag_1,"value__fft_coefficient__attr_""angle""__coeff_44"
43,"value__fft_coefficient__attr_""angle""__coeff_2","value__fft_coefficient__attr_""real""__coeff_14"
44,value__index_mass_quantile__q_0.7,"value__agg_linear_trend__attr_""rvalue""__chunk_len_50__f_agg_""var"""
45,"value__fft_coefficient__attr_""angle""__coeff_25","value__fft_coefficient__attr_""imag""__coeff_43"
46,"value__change_quantiles__f_agg_""var""__isabs_False__qh_0.8__ql_0.6","value__fft_coefficient__attr_""imag""__coeff_56"
47,"value__fft_coefficient__attr_""imag""__coeff_10","value__fft_coefficient__attr_""angle""__coeff_7"
48,"value__fft_coefficient__attr_""abs""__coeff_9","value__fft_coefficient__attr_""real""__coeff_30"
49,value__ratio_beyond_r_sigma__r_2,"value__fft_coefficient__attr_""real""__coeff_84"
50,value__index_mass_quantile__q_0.2,"value__fft_coefficient__attr_""real""__coeff_91"
51,"value__change_quantiles__f_agg_""var""__isabs_True__qh_0.6__ql_0.2","value__fft_coefficient__attr_""imag""__coeff_74"
52,value__large_standard_deviation__r_0.25,"value__fft_coefficient__attr_""imag""__coeff_53"
53,"value__fft_coefficient__attr_""abs""__coeff_80",value__index_mass_quantile__q_0.6
54,"value__fft_coefficient__attr_""imag""__coeff_5","value__agg_linear_trend__attr_""stderr""__chunk_len_10__f_agg_""mean"""
55,"value__change_quantiles__f_agg_""var""__isabs_True__qh_0.8__ql_0.6","value__change_quantiles__f_agg_""var""__isabs_False__qh_0.6__ql_0.4"
56,"value__fft_coefficient__attr_""imag""__coeff_60","value__fft_coefficient__attr_""imag""__coeff_67"
57,value__index_mass_quantile__q_0.4,"value__agg_linear_trend__attr_""slope""__chunk_len_10__f_agg_""mean"""
58,"value__fft_coefficient__attr_""abs""__coeff_3","value__cwt_coefficients__coeff_9__w_2__widths_(2, 5, 10, 20)"
59,"value__agg_linear_trend__attr_""rvalue""__chunk_len_50__f_agg_""max""","value__fft_coefficient__attr_""imag""__coeff_55"
60,value__ratio_value_number_to_time_series_length,"value__fft_coefficient__attr_""real""__coeff_83"
61,"value__fft_coefficient__attr_""imag""__coeff_98","value__agg_linear_trend__attr_""slope""__chunk_len_50__f_agg_""mean"""
62,"value__fft_coefficient__attr_""imag""__coeff_1","value__linear_trend__attr_""slope"""
63,"value__fft_coefficient__attr_""abs""__coeff_74",value__kurtosis
64,"value__fft_coefficient__attr_""imag""__coeff_81","value__fft_coefficient__attr_""angle""__coeff_27"
65,value__energy_ratio_by_chunks__num_segments_10__segment_focus_0,"value__fft_coefficient__attr_""abs""__coeff_80"
66,value__energy_ratio_by_chunks__num_segments_10__segment_focus_3,"value__change_quantiles__f_agg_""var""__isabs_True__qh_0.2__ql_0.0"
67,"value__fft_coefficient__attr_""imag""__coeff_3","value__fft_coefficient__attr_""angle""__coeff_90"
68,"value__linear_trend__attr_""stderr""","value__fft_coefficient__attr_""real""__coeff_47"
69,"value__fft_coefficient__attr_""angle""__coeff_59","value__agg_linear_trend__attr_""slope""__chunk_len_5__f_agg_""max"""
70,value__sample_entropy,"value__fft_coefficient__attr_""angle""__coeff_46"
71,"value__fft_coefficient__attr_""imag""__coeff_43","value__fft_coefficient__attr_""angle""__coeff_30"
72,"value__fft_coefficient__attr_""imag""__coeff_91",value__large_standard_deviation__r_0.35000000000000003
73,"value__fft_coefficient__attr_""imag""__coeff_99",value__ar_coefficient__coeff_6__k_10
74,value__energy_ratio_by_chunks__num_segments_10__segment_focus_7,value__index_mass_quantile__q_0.1
75,value__cid_ce__normalize_True,"value__fft_coefficient__attr_""real""__coeff_50"
76,"value__cwt_coefficients__coeff_14__w_2__widths_(2, 5, 10, 20)","value__cwt_coefficients__coeff_0__w_2__widths_(2, 5, 10, 20)"
77,"value__change_quantiles__f_agg_""var""__isabs_True__qh_0.8__ql_0.4","value__fft_coefficient__attr_""real""__coeff_39"
78,"value__fft_coefficient__attr_""real""__coeff_14","value__fft_coefficient__attr_""angle""__coeff_50"
79,"value__fft_coefficient__attr_""real""__coeff_46","value__fft_coefficient__attr_""real""__coeff_26"
80,"value__fft_coefficient__attr_""imag""__coeff_26",value__fourier_entropy__bins_3
81,value__permutation_entropy__dimension_4__tau_1,value__permutation_entropy__dimension_4__tau_1
82,"value__fft_coefficient__attr_""angle""__coeff_76",value__large_standard_deviation__r_0.25
83,"value__fft_coefficient__attr_""angle""__coeff_7","value__fft_coefficient__attr_""angle""__coeff_64"
84,value__index_mass_quantile__q_0.8,"value__fft_coefficient__attr_""imag""__coeff_40"
85,"value__fft_coefficient__attr_""angle""__coeff_63","value__fft_coefficient__attr_""real""__coeff_49"
86,"value__fft_coefficient__attr_""real""__coeff_37","value__fft_coefficient__attr_""real""__coeff_35"
87,"value__agg_autocorrelation__f_agg_""median""__maxlag_40","value__fft_coefficient__attr_""real""__coeff_18"
88,value__mean_change,"value__fft_coefficient__attr_""real""__coeff_72"
89,"value__fft_coefficient__attr_""imag""__coeff_56","value__change_quantiles__f_agg_""mean""__isabs_False__qh_0.8__ql_0.2"
90,"value__change_quantiles__f_agg_""var""__isabs_False__qh_1.0__ql_0.2","value__fft_coefficient__attr_""angle""__coeff_73"
91,"value__change_quantiles__f_agg_""mean""__isabs_False__qh_1.0__ql_0.0","value__agg_linear_trend__attr_""slope""__chunk_len_50__f_agg_""max"""
92,"value__fft_coefficient__attr_""imag""__coeff_53","value__fft_coefficient__attr_""imag""__coeff_10"
93,"value__agg_linear_trend__attr_""rvalue""__chunk_len_50__f_agg_""min""","value__fft_coefficient__attr_""real""__coeff_9"
94,"value__fft_coefficient__attr_""real""__coeff_85","value__fft_coefficient__attr_""angle""__coeff_52"
95,"value__change_quantiles__f_agg_""mean""__isabs_False__qh_0.8__ql_0.6","value__change_quantiles__f_agg_""mean""__isabs_False__qh_1.0__ql_0.8"
96,"value__fft_coefficient__attr_""imag""__coeff_55","value__agg_linear_trend__attr_""slope""__chunk_len_10__f_agg_""max"""
97,"value__fft_coefficient__attr_""abs""__coeff_55","value__fft_coefficient__attr_""angle""__coeff_31"
98,"value__fft_coefficient__attr_""imag""__coeff_40","value__fft_coefficient__attr_""angle""__coeff_92"
99,"value__fft_coefficient__attr_""imag""__coeff_67","value__fft_coefficient__attr_""abs""__coeff_74"
100,"value__agg_linear_trend__attr_""stderr""__chunk_len_5__f_agg_""max""","value__fft_coefficient__attr_""real""__coeff_32"
101,"value__fft_coefficient__attr_""abs""__coeff_32","value__fft_coefficient__attr_""angle""__coeff_61"
102,"value__fft_coefficient__attr_""real""__coeff_28","value__fft_coefficient__attr_""angle""__coeff_20"
103,value__first_location_of_maximum,"value__fft_coefficient__attr_""imag""__coeff_39"
104,"value__change_quantiles__f_agg_""mean""__isabs_False__qh_0.8__ql_0.2",value__partial_autocorrelation__lag_9
105,"value__agg_linear_trend__attr_""stderr""__chunk_len_10__f_agg_""var""","value__fft_coefficient__attr_""angle""__coeff_37"
106,"value__agg_linear_trend__attr_""rvalue""__chunk_len_10__f_agg_""max""","value__fft_coefficient__attr_""angle""__coeff_49"
107,value__energy_ratio_by_chunks__num_segments_10__segment_focus_8,"value__fft_coefficient__attr_""angle""__coeff_96"
108,value__standard_deviation,"value__fft_coefficient__attr_""angle""__coeff_89"
109,"value__linear_trend__attr_""rvalue""","value__fft_coefficient__attr_""angle""__coeff_10"
110,"value__change_quantiles__f_agg_""var""__isabs_False__qh_1.0__ql_0.8","value__fft_coefficient__attr_""imag""__coeff_72"
111,"value__fft_coefficient__attr_""real""__coeff_30","value__fft_coefficient__attr_""imag""__coeff_85"
112,"value__change_quantiles__f_agg_""var""__isabs_False__qh_0.6__ql_0.2","value__fft_coefficient__attr_""real""__coeff_42"
113,value__ratio_beyond_r_sigma__r_2.5,"value__fft_coefficient__attr_""imag""__coeff_42"
114,"value__fft_coefficient__attr_""angle""__coeff_64","value__fft_coefficient__attr_""angle""__coeff_8"
115,value__fourier_entropy__bins_2,value__friedrich_coefficients__coeff_0__m_3__r_30
116,"value__fft_coefficient__attr_""angle""__coeff_1","value__fft_coefficient__attr_""real""__coeff_90"
117,"value__fft_coefficient__attr_""abs""__coeff_56","value__fft_coefficient__attr_""angle""__coeff_16"
118,"value__fft_coefficient__attr_""angle""__coeff_44",value__range_count__max_1000000000000.0__min_0
119,"value__fft_coefficient__attr_""angle""__coeff_46","value__fft_coefficient__attr_""real""__coeff_55"
120,"value__fft_coefficient__attr_""angle""__coeff_88","value__fft_coefficient__attr_""real""__coeff_93"
121,"value__fft_coefficient__attr_""abs""__coeff_17","value__change_quantiles__f_agg_""mean""__isabs_True__qh_0.6__ql_0.4"
122,"value__fft_coefficient__attr_""imag""__coeff_18","value__fft_coefficient__attr_""real""__coeff_48"
123,"value__agg_linear_trend__attr_""rvalue""__chunk_len_50__f_agg_""var""","value__fft_coefficient__attr_""real""__coeff_43"
124,"value__fft_coefficient__attr_""angle""__coeff_43","value__fft_coefficient__attr_""real""__coeff_24"
125,"value__fft_coefficient__attr_""angle""__coeff_10","value__fft_coefficient__attr_""abs""__coeff_32"
126,"value__fft_coefficient__attr_""angle""__coeff_85","value__change_quantiles__f_agg_""var""__isabs_False__qh_1.0__ql_0.8"
127,value__fourier_entropy__bins_3,value__percentage_of_reoccurring_datapoints_to_all_datapoints
128,value__last_location_of_maximum,"value__agg_autocorrelation__f_agg_""var""__maxlag_40"
129,"value__fft_coefficient__attr_""real""__coeff_83",value__ar_coefficient__coeff_7__k_10
130,"value__fft_coefficient__attr_""imag""__coeff_85","value__fft_coefficient__attr_""real""__coeff_94"
131,value__absolute_sum_of_changes,"value__fft_coefficient__attr_""angle""__coeff_66"
132,"value__fft_coefficient__attr_""imag""__coeff_31","value__fft_coefficient__attr_""imag""__coeff_84"
133,value__autocorrelation__lag_6,"value__fft_coefficient__attr_""real""__coeff_95"
134,value__mean_abs_change,"value__fft_coefficient__attr_""imag""__coeff_26"
135,"value__fft_coefficient__attr_""imag""__coeff_51","value__fft_coefficient__attr_""imag""__coeff_59"
136,"value__fft_coefficient__attr_""real""__coeff_84","value__linear_trend__attr_""stderr"""
137,"value__fft_coefficient__attr_""imag""__coeff_39","value__fft_coefficient__attr_""real""__coeff_23"
138,"value__change_quantiles__f_agg_""mean""__isabs_True__qh_1.0__ql_0.0","value__change_quantiles__f_agg_""mean""__isabs_False__qh_1.0__ql_0.4"
139,"value__fft_coefficient__attr_""angle""__coeff_27","value__fft_coefficient__attr_""real""__coeff_63"
140,"value__agg_linear_trend__attr_""stderr""__chunk_len_5__f_agg_""mean""",value__ar_coefficient__coeff_9__k_10
141,"value__cwt_coefficients__coeff_9__w_2__widths_(2, 5, 10, 20)","value__fft_coefficient__attr_""real""__coeff_73"
142,"value__change_quantiles__f_agg_""mean""__isabs_False__qh_1.0__ql_0.6","value__fft_coefficient__attr_""imag""__coeff_36"
143,"value__fft_coefficient__attr_""abs""__coeff_43","value__change_quantiles__f_agg_""mean""__isabs_False__qh_1.0__ql_0.6"
144,"value__fft_coefficient__attr_""imag""__coeff_17","value__fft_coefficient__attr_""imag""__coeff_33"
145,"value__fft_coefficient__attr_""angle""__coeff_30","value__fft_coefficient__attr_""angle""__coeff_19"
146,"value__fft_coefficient__attr_""imag""__coeff_36",value__number_cwt_peaks__n_1
147,value__partial_autocorrelation__lag_2,"value__fft_coefficient__attr_""abs""__coeff_9"
148,"value__fft_coefficient__attr_""real""__coeff_91",value__large_standard_deviation__r_0.30000000000000004
149,value__friedrich_coefficients__coeff_0__m_3__r_30,"value__fft_coefficient__attr_""real""__coeff_41"
150,value__time_reversal_asymmetry_statistic__lag_2,"value__fft_coefficient__attr_""angle""__coeff_79"
151,"value__fft_coefficient__attr_""imag""__coeff_63","value__fft_coefficient__attr_""imag""__coeff_51"
152,value__approximate_entropy__m_2__r_0.5,"value__fft_coefficient__attr_""imag""__coeff_97"
153,"value__fft_coefficient__attr_""imag""__coeff_59","value__fft_coefficient__attr_""angle""__coeff_48"
154,"value__fft_coefficient__attr_""abs""__coeff_2",value__autocorrelation__lag_0
155,"value__fft_coefficient__attr_""real""__coeff_90","value__change_quantiles__f_agg_""mean""__isabs_False__qh_0.4__ql_0.0"
156,value__longest_strike_below_mean,"value__fft_coefficient__attr_""imag""__coeff_5"
157,"value__agg_linear_trend__attr_""rvalue""__chunk_len_5__f_agg_""max""","value__fft_coefficient__attr_""angle""__coeff_82"
158,"value__fft_coefficient__attr_""imag""__coeff_2","value__fft_coefficient__attr_""real""__coeff_56"
159,"value__fft_coefficient__attr_""imag""__coeff_74",value__partial_autocorrelation__lag_1
160,"value__fft_coefficient__attr_""real""__coeff_47","value__fft_coefficient__attr_""real""__coeff_74"
161,value__variance,"value__fft_coefficient__attr_""angle""__coeff_77"
162,"value__fft_coefficient__attr_""real""__coeff_93","value__fft_coefficient__attr_""angle""__coeff_9"
163,value__ratio_beyond_r_sigma__r_3,value__has_duplicate
164,"value__fft_coefficient__attr_""angle""__coeff_73",value__percentage_of_reoccurring_values_to_all_values
165,"value__augmented_dickey_fuller__attr_""usedlag""__autolag_""AIC""","value__fft_coefficient__attr_""real""__coeff_67"
166,"value__change_quantiles__f_agg_""var""__isabs_False__qh_1.0__ql_0.4","value__fft_coefficient__attr_""real""__coeff_76"
167,"value__fft_coefficient__attr_""imag""__coeff_90","value__fft_coefficient__attr_""angle""__coeff_94"
168,"value__fft_coefficient__attr_""imag""__coeff_30",value__large_standard_deviation__r_0.15000000000000002
169,"value__change_quantiles__f_agg_""mean""__isabs_True__qh_1.0__ql_0.4","value__fft_coefficient__attr_""angle""__coeff_34"
170,"value__fft_coefficient__attr_""angle""__coeff_50","value__fft_coefficient__attr_""real""__coeff_86"
171,"value__fft_coefficient__attr_""angle""__coeff_37","value__fft_coefficient__attr_""real""__coeff_54"
172,"value__fft_coefficient__attr_""imag""__coeff_33","value__fft_coefficient__attr_""angle""__coeff_22"
173,"value__linear_trend__attr_""pvalue""",value__large_standard_deviation__r_0.1
174,value__large_standard_deviation__r_0.1,"value__fft_coefficient__attr_""real""__coeff_44"
175,"value__fft_coefficient__attr_""real""__coeff_35","value__fft_coefficient__attr_""real""__coeff_62"
176,"value__fft_coefficient__attr_""angle""__coeff_67","value__fft_coefficient__attr_""angle""__coeff_71"
177,"value__fft_coefficient__attr_""angle""__coeff_55","value__fft_coefficient__attr_""angle""__coeff_11"
178,"value__fft_coefficient__attr_""real""__coeff_9","value__fft_coefficient__attr_""angle""__coeff_93"
179,"value__fft_coefficient__attr_""angle""__coeff_90","value__fft_coefficient__attr_""angle""__coeff_75"
180,value__autocorrelation__lag_7,"value__fft_coefficient__attr_""real""__coeff_5"
181,"value__fft_coefficient__attr_""real""__coeff_55","value__fft_coefficient__attr_""angle""__coeff_23"
182,value__sum_of_reoccurring_values,"value__change_quantiles__f_agg_""var""__isabs_True__qh_0.6__ql_0.2"
183,"value__fft_coefficient__attr_""abs""__coeff_14","value__fft_coefficient__attr_""imag""__coeff_31"
184,"value__fft_coefficient__attr_""real""__coeff_39","value__fft_coefficient__attr_""angle""__coeff_24"
185,"value__fft_coefficient__attr_""real""__coeff_26","value__fft_coefficient__attr_""real""__coeff_13"
186,"value__agg_linear_trend__attr_""rvalue""__chunk_len_5__f_agg_""mean""",value__ar_coefficient__coeff_5__k_10
187,"value__fft_coefficient__attr_""imag""__coeff_79","value__fft_coefficient__attr_""real""__coeff_21"
188,"value__fft_coefficient__attr_""abs""__coeff_65","value__agg_linear_trend__attr_""stderr""__chunk_len_50__f_agg_""mean"""
189,"value__fft_coefficient__attr_""angle""__coeff_99","value__fft_coefficient__attr_""angle""__coeff_43"
190,"value__fft_coefficient__attr_""abs""__coeff_29","value__fft_coefficient__attr_""real""__coeff_70"
191,"value__cwt_coefficients__coeff_0__w_2__widths_(2, 5, 10, 20)","value__fft_coefficient__attr_""imag""__coeff_79"
192,value__index_mass_quantile__q_0.9,"value__fft_coefficient__attr_""real""__coeff_38"
193,"value__fft_coefficient__attr_""abs""__coeff_91","value__fft_coefficient__attr_""real""__coeff_96"
194,"value__agg_linear_trend__attr_""slope""__chunk_len_5__f_agg_""min""",value__ar_coefficient__coeff_8__k_10
195,"value__change_quantiles__f_agg_""mean""__isabs_True__qh_0.8__ql_0.0","value__fft_coefficient__attr_""angle""__coeff_47"
196,"value__fft_coefficient__attr_""imag""__coeff_64","value__fft_coefficient__attr_""imag""__coeff_58"
197,value__autocorrelation__lag_9,"value__fft_coefficient__attr_""real""__coeff_27"
198,"value__fft_coefficient__attr_""angle""__coeff_31","value__fft_coefficient__attr_""angle""__coeff_95"
199,"value__change_quantiles__f_agg_""var""__isabs_True__qh_1.0__ql_0.8","value__fft_coefficient__attr_""real""__coeff_99"
200,"value__fft_coefficient__attr_""imag""__coeff_68","value__fft_coefficient__attr_""imag""__coeff_3"
201,"value__change_quantiles__f_agg_""mean""__isabs_False__qh_1.0__ql_0.2","value__fft_coefficient__attr_""real""__coeff_88"
202,"value__fft_coefficient__attr_""imag""__coeff_7","value__fft_coefficient__attr_""angle""__coeff_83"
203,"value__fft_coefficient__attr_""angle""__coeff_20","value__fft_coefficient__attr_""imag""__coeff_90"
204,value__ratio_beyond_r_sigma__r_0.5,"value__fft_coefficient__attr_""real""__coeff_61"
205,"value__fft_coefficient__attr_""real""__coeff_23",value__count_below_mean
206,"value__fft_coefficient__attr_""real""__coeff_50","value__fft_coefficient__attr_""abs""__coeff_3"
207,"value__fft_coefficient__attr_""angle""__coeff_92","value__fft_coefficient__attr_""real""__coeff_51"
208,value__time_reversal_asymmetry_statistic__lag_1,"value__fft_coefficient__attr_""real""__coeff_31"
209,"value__change_quantiles__f_agg_""var""__isabs_True__qh_0.8__ql_0.2","value__fft_coefficient__attr_""abs""__coeff_43"
210,value__approximate_entropy__m_2__r_0.1,"value__agg_linear_trend__attr_""rvalue""__chunk_len_50__f_agg_""mean"""
211,"value__fft_coefficient__attr_""angle""__coeff_8","value__fft_coefficient__attr_""real""__coeff_92"
212,"value__fft_coefficient__attr_""angle""__coeff_61","value__fft_coefficient__attr_""abs""__coeff_56"
213,"value__change_quantiles__f_agg_""var""__isabs_False__qh_0.2__ql_0.0","value__fft_coefficient__attr_""angle""__coeff_78"
214,"value__fft_coefficient__attr_""real""__coeff_58","value__fft_coefficient__attr_""real""__coeff_36"
215,"value__change_quantiles__f_agg_""mean""__isabs_True__qh_0.6__ql_0.2",value__index_mass_quantile__q_0.3
216,"value__fft_coefficient__attr_""angle""__coeff_52","value__fft_coefficient__attr_""real""__coeff_29"
217,"value__fft_coefficient__attr_""real""__coeff_49","value__fft_coefficient__attr_""angle""__coeff_55"
218,value__lempel_ziv_complexity__bins_3,value__benford_correlation
219,"value__fft_coefficient__attr_""abs""__coeff_19","value__cwt_coefficients__coeff_6__w_2__widths_(2, 5, 10, 20)"
220,value__sum_of_reoccurring_data_points,"value__fft_coefficient__attr_""angle""__coeff_65"
221,"value__fft_coefficient__attr_""imag""__coeff_28","value__fft_coefficient__attr_""abs""__coeff_55"
222,value__fourier_entropy__bins_5,"value__fft_coefficient__attr_""real""__coeff_69"
223,"value__fft_coefficient__attr_""imag""__coeff_16","value__fft_coefficient__attr_""real""__coeff_81"
224,"value__change_quantiles__f_agg_""mean""__isabs_False__qh_1.0__ql_0.4","value__change_quantiles__f_agg_""var""__isabs_False__qh_0.8__ql_0.6"
225,value__autocorrelation__lag_8,"value__fft_coefficient__attr_""real""__coeff_78"
226,"value__fft_coefficient__attr_""abs""__coeff_15","value__augmented_dickey_fuller__attr_""usedlag""__autolag_""AIC"""
227,value__autocorrelation__lag_3,"value__fft_coefficient__attr_""imag""__coeff_63"
228,"value__fft_coefficient__attr_""abs""__coeff_59","value__fft_coefficient__attr_""real""__coeff_97"
229,"value__fft_coefficient__attr_""angle""__coeff_9","value__fft_coefficient__attr_""real""__coeff_87"
230,"value__fft_coefficient__attr_""imag""__coeff_8",value__mean_second_derivative_central
231,"value__fft_coefficient__attr_""imag""__coeff_42","value__fft_coefficient__attr_""imag""__coeff_68"
232,"value__fft_coefficient__attr_""real""__coeff_72",value__sample_entropy
233,"value__fft_coefficient__attr_""angle""__coeff_49","value__change_quantiles__f_agg_""var""__isabs_True__qh_0.6__ql_0.4"
234,"value__fft_coefficient__attr_""real""__coeff_95","value__fft_coefficient__attr_""real""__coeff_34"
235,value__number_peaks__n_3,"value__fft_coefficient__attr_""real""__coeff_59"
236,"value__fft_coefficient__attr_""real""__coeff_76","value__agg_linear_trend__attr_""rvalue""__chunk_len_50__f_agg_""max"""
237,"value__agg_autocorrelation__f_agg_""var""__maxlag_40","value__fft_coefficient__attr_""real""__coeff_40"
238,value__energy_ratio_by_chunks__num_segments_10__segment_focus_2,"value__fft_coefficient__attr_""real""__coeff_58"
239,"value__agg_linear_trend__attr_""slope""__chunk_len_50__f_agg_""min""","value__linear_trend__attr_""pvalue"""
240,"value__change_quantiles__f_agg_""mean""__isabs_True__qh_0.8__ql_0.4","value__fft_coefficient__attr_""imag""__coeff_64"
241,"value__fft_coefficient__attr_""real""__coeff_13","value__fft_coefficient__attr_""angle""__coeff_57"
242,"value__agg_linear_trend__attr_""stderr""__chunk_len_50__f_agg_""min""","value__fft_coefficient__attr_""real""__coeff_65"
243,"value__fft_coefficient__attr_""real""__coeff_24","value__fft_coefficient__attr_""imag""__coeff_70"
244,"value__fft_coefficient__attr_""abs""__coeff_4",value__ar_coefficient__coeff_10__k_10
245,value__friedrich_coefficients__coeff_2__m_3__r_30,"value__change_quantiles__f_agg_""mean""__isabs_False__qh_0.2__ql_0.0"
246,"value__fft_coefficient__attr_""angle""__coeff_42","value__fft_coefficient__attr_""imag""__coeff_18"
247,value__autocorrelation__lag_5,"value__fft_coefficient__attr_""angle""__coeff_54"
248,"value__fft_coefficient__attr_""angle""__coeff_19","value__fft_coefficient__attr_""real""__coeff_10"
249,"value__agg_linear_trend__attr_""slope""__chunk_len_5__f_agg_""var""","value__fft_coefficient__attr_""imag""__coeff_28"
250,value__ar_coefficient__coeff_6__k_10,"value__fft_coefficient__attr_""imag""__coeff_30"
251,"value__fft_coefficient__attr_""angle""__coeff_0","value__fft_coefficient__attr_""real""__coeff_82"
252,"value__change_quantiles__f_agg_""mean""__isabs_True__qh_1.0__ql_0.8","value__fft_coefficient__attr_""real""__coeff_98"
253,"value__cwt_coefficients__coeff_10__w_2__widths_(2, 5, 10, 20)","value__fft_coefficient__attr_""real""__coeff_53"
254,"value__fft_coefficient__attr_""angle""__coeff_16","value__fft_coefficient__attr_""real""__coeff_45"
255,"value__fft_coefficient__attr_""abs""__coeff_99","value__fft_coefficient__attr_""angle""__coeff_99"
256,"value__fft_coefficient__attr_""real""__coeff_32","value__fft_coefficient__attr_""imag""__coeff_17"
257,"value__fft_coefficient__attr_""imag""__coeff_21","value__fft_coefficient__attr_""real""__coeff_25"
258,"value__fft_coefficient__attr_""imag""__coeff_84","value__fft_coefficient__attr_""real""__coeff_89"
259,"value__fft_coefficient__attr_""real""__coeff_5","value__fft_coefficient__attr_""real""__coeff_68"
260,"value__fft_coefficient__attr_""abs""__coeff_77","value__fft_coefficient__attr_""real""__coeff_57"
261,"value__change_quantiles__f_agg_""mean""__isabs_False__qh_0.4__ql_0.0","value__fft_coefficient__attr_""angle""__coeff_67"
262,"value__fft_coefficient__attr_""angle""__coeff_56",value__approximate_entropy__m_2__r_0.1
263,"value__agg_linear_trend__attr_""stderr""__chunk_len_50__f_agg_""max""","value__fft_aggregated__aggtype_""kurtosis"""
264,"value__fft_coefficient__attr_""abs""__coeff_18",value__partial_autocorrelation__lag_2
265,"value__fft_coefficient__attr_""angle""__coeff_39","value__fft_coefficient__attr_""real""__coeff_22"
266,"value__fft_coefficient__attr_""angle""__coeff_22","value__fft_coefficient__attr_""real""__coeff_66"
267,"value__fft_coefficient__attr_""imag""__coeff_34",value__mean_change
268,"value__agg_linear_trend__attr_""intercept""__chunk_len_5__f_agg_""var""",value__max_langevin_fixed_point__m_3__r_30
269,value__energy_ratio_by_chunks__num_segments_10__segment_focus_5,"value__fft_coefficient__attr_""real""__coeff_79"
270,"value__fft_coefficient__attr_""angle""__coeff_96","value__fft_coefficient__attr_""imag""__coeff_1"
271,value__ar_coefficient__coeff_8__k_10,"value__fft_coefficient__attr_""abs""__coeff_91"
272,"value__fft_coefficient__attr_""imag""__coeff_72",value__ratio_beyond_r_sigma__r_2
273,"value__fft_coefficient__attr_""angle""__coeff_89","value__fft_coefficient__attr_""real""__coeff_20"
274,"value__fft_coefficient__attr_""angle""__coeff_24","value__fft_coefficient__attr_""real""__coeff_8"
275,"value__fft_coefficient__attr_""real""__coeff_43","value__fft_coefficient__attr_""real""__coeff_80"
276,value__variation_coefficient,"value__cwt_coefficients__coeff_0__w_10__widths_(2, 5, 10, 20)"
277,"value__fft_coefficient__attr_""real""__coeff_92","value__fft_coefficient__attr_""real""__coeff_77"
278,"value__fft_coefficient__attr_""imag""__coeff_45","value__fft_coefficient__attr_""real""__coeff_19"
279,"value__change_quantiles__f_agg_""mean""__isabs_True__qh_0.4__ql_0.0","value__change_quantiles__f_agg_""var""__isabs_False__qh_1.0__ql_0.2"
280,"value__fft_coefficient__attr_""real""__coeff_18","value__agg_linear_trend__attr_""rvalue""__chunk_len_50__f_agg_""min"""
281,"value__change_quantiles__f_agg_""mean""__isabs_False__qh_1.0__ql_0.8","value__fft_coefficient__attr_""real""__coeff_75"
282,"value__fft_coefficient__attr_""real""__coeff_42","value__fft_coefficient__attr_""angle""__coeff_62"
283,value__ar_coefficient__coeff_1__k_10,"value__fft_coefficient__attr_""abs""__coeff_29"
284,"value__fft_coefficient__attr_""angle""__coeff_82","value__fft_coefficient__attr_""real""__coeff_12"
285,value__symmetry_looking__r_0.1,value__time_reversal_asymmetry_statistic__lag_2
286,"value__fft_coefficient__attr_""imag""__coeff_97","value__fft_coefficient__attr_""real""__coeff_60"
287,value__ratio_beyond_r_sigma__r_6,"value__fft_coefficient__attr_""angle""__coeff_14"
288,value__number_peaks__n_1,"value__fft_coefficient__attr_""angle""__coeff_86"
289,"value__fft_coefficient__attr_""imag""__coeff_48","value__fft_coefficient__attr_""imag""__coeff_34"
290,"value__fft_coefficient__attr_""real""__coeff_94","value__fft_coefficient__attr_""abs""__coeff_17"
291,"value__fft_coefficient__attr_""real""__coeff_27","value__fft_coefficient__attr_""imag""__coeff_48"
292,"value__fft_coefficient__attr_""real""__coeff_29",value__number_crossing_m__m_1
293,"value__fft_coefficient__attr_""abs""__coeff_23",value__standard_deviation
294,"value__fft_coefficient__attr_""angle""__coeff_5","value__fft_coefficient__attr_""real""__coeff_15"
295,"value__fft_coefficient__attr_""imag""__coeff_76","value__fft_coefficient__attr_""real""__coeff_71"
296,"value__fft_coefficient__attr_""abs""__coeff_41","value__fft_coefficient__attr_""abs""__coeff_65"
297,"value__fft_coefficient__attr_""abs""__coeff_30","value__fft_coefficient__attr_""angle""__coeff_69"
298,value__lempel_ziv_complexity__bins_10,"value__fft_coefficient__attr_""angle""__coeff_35"
299,"value__fft_coefficient__attr_""real""__coeff_67",value__autocorrelation__lag_1
300,"value__fft_coefficient__attr_""real""__coeff_73","value__fft_coefficient__attr_""angle""__coeff_29"
301,"value__change_quantiles__f_agg_""mean""__isabs_True__qh_0.8__ql_0.6",value__energy_ratio_by_chunks__num_segments_10__segment_focus_7
302,"value__cwt_coefficients__coeff_0__w_10__widths_(2, 5, 10, 20)","value__fft_coefficient__attr_""angle""__coeff_5"
303,value__fourier_entropy__bins_100,"value__fft_coefficient__attr_""angle""__coeff_18"
304,"value__cwt_coefficients__coeff_7__w_10__widths_(2, 5, 10, 20)",value__number_peaks__n_3
305,value__has_duplicate,"value__cwt_coefficients__coeff_10__w_2__widths_(2, 5, 10, 20)"
306,"value__fft_coefficient__attr_""real""__coeff_48","value__fft_coefficient__attr_""angle""__coeff_15"
307,"value__fft_coefficient__attr_""angle""__coeff_11",value__energy_ratio_by_chunks__num_segments_10__segment_focus_0
308,"value__fft_coefficient__attr_""imag""__coeff_58","value__fft_coefficient__attr_""real""__coeff_3"
309,"value__fft_coefficient__attr_""angle""__coeff_48","value__change_quantiles__f_agg_""mean""__isabs_False__qh_0.6__ql_0.0"
310,value__lempel_ziv_complexity__bins_5,"value__fft_coefficient__attr_""real""__coeff_16"
311,"value__fft_coefficient__attr_""real""__coeff_82",value__variation_coefficient
312,"value__agg_autocorrelation__f_agg_""mean""__maxlag_40","value__cwt_coefficients__coeff_12__w_2__widths_(2, 5, 10, 20)"
313,value__partial_autocorrelation__lag_9,"value__fft_coefficient__attr_""angle""__coeff_39"
314,value__range_count__max_1__min_-1,"value__fft_coefficient__attr_""angle""__coeff_1"
315,"value__fft_coefficient__attr_""angle""__coeff_77","value__change_quantiles__f_agg_""mean""__isabs_False__qh_1.0__ql_0.2"
316,"value__fft_coefficient__attr_""imag""__coeff_23","value__fft_coefficient__attr_""angle""__coeff_42"
317,"value__change_quantiles__f_agg_""var""__isabs_False__qh_1.0__ql_0.6",value__sum_of_reoccurring_values
318,"value__agg_linear_trend__attr_""slope""__chunk_len_10__f_agg_""min""","value__fft_coefficient__attr_""real""__coeff_11"
319,"value__fft_coefficient__attr_""real""__coeff_54","value__fft_coefficient__attr_""abs""__coeff_59"
320,"value__fft_coefficient__attr_""angle""__coeff_91","value__fft_coefficient__attr_""imag""__coeff_76"
321,"value__fft_coefficient__attr_""imag""__coeff_12",value__number_peaks__n_1
322,"value__fft_coefficient__attr_""angle""__coeff_72","value__fft_coefficient__attr_""imag""__coeff_45"
323,value__fourier_entropy__bins_10,"value__fft_coefficient__attr_""angle""__coeff_87"
324,"value__fft_coefficient__attr_""angle""__coeff_66","value__fft_coefficient__attr_""angle""__coeff_91"
325,value__time_reversal_asymmetry_statistic__lag_3,"value__linear_trend__attr_""rvalue"""
326,"value__fft_coefficient__attr_""real""__coeff_99","value__fft_coefficient__attr_""angle""__coeff_70"
327,"value__fft_coefficient__attr_""real""__coeff_63",value__longest_strike_below_mean
328,"value__fft_coefficient__attr_""angle""__coeff_34",value__last_location_of_maximum
329,value__ratio_beyond_r_sigma__r_1,"value__fft_coefficient__attr_""angle""__coeff_56"
330,"value__fft_coefficient__attr_""angle""__coeff_79","value__fft_coefficient__attr_""real""__coeff_64"
331,"value__change_quantiles__f_agg_""var""__isabs_True__qh_1.0__ql_0.2","value__change_quantiles__f_agg_""mean""__isabs_False__qh_1.0__ql_0.0"
332,value__ar_coefficient__coeff_7__k_10,"value__agg_linear_trend__attr_""rvalue""__chunk_len_10__f_agg_""max"""
333,"value__fft_coefficient__attr_""angle""__coeff_23","value__fft_coefficient__attr_""angle""__coeff_13"
334,"value__fft_coefficient__attr_""real""__coeff_61",value__index_mass_quantile__q_0.2
335,"value__fft_coefficient__attr_""real""__coeff_96","value__fft_coefficient__attr_""imag""__coeff_2"
336,"value__fft_coefficient__attr_""abs""__coeff_83","value__fft_coefficient__attr_""real""__coeff_33"
337,"value__fft_coefficient__attr_""angle""__coeff_33",value__partial_autocorrelation__lag_4
338,"value__fft_coefficient__attr_""imag""__coeff_24","value__fft_coefficient__attr_""angle""__coeff_33"
339,value__large_standard_deviation__r_0.35000000000000003,"value__agg_linear_trend__attr_""stderr""__chunk_len_10__f_agg_""var"""
340,"value__fft_coefficient__attr_""real""__coeff_74",value__energy_ratio_by_chunks__num_segments_10__segment_focus_8
341,"value__fft_coefficient__attr_""real""__coeff_51",value__mean_n_absolute_max__number_of_maxima_7
342,"value__fft_coefficient__attr_""angle""__coeff_18","value__change_quantiles__f_agg_""mean""__isabs_False__qh_0.6__ql_0.4"
343,"value__fft_coefficient__attr_""abs""__coeff_5","value__agg_linear_trend__attr_""stderr""__chunk_len_5__f_agg_""max"""
344,"value__agg_linear_trend__attr_""rvalue""__chunk_len_10__f_agg_""min""","value__change_quantiles__f_agg_""var""__isabs_True__qh_0.8__ql_0.4"
345,"value__fft_coefficient__attr_""abs""__coeff_40","value__change_quantiles__f_agg_""mean""__isabs_False__qh_0.6__ql_0.2"
346,"value__cwt_coefficients__coeff_13__w_2__widths_(2, 5, 10, 20)",value__variance
347,value__energy_ratio_by_chunks__num_segments_10__segment_focus_6,"value__agg_autocorrelation__f_agg_""median""__maxlag_40"
348,"value__fft_coefficient__attr_""angle""__coeff_70","value__fft_coefficient__attr_""imag""__coeff_65"
349,"value__fft_coefficient__attr_""real""__coeff_41","value__change_quantiles__f_agg_""var""__isabs_True__qh_0.8__ql_0.6"
350,"value__change_quantiles__f_agg_""var""__isabs_False__qh_0.4__ql_0.0","value__fft_coefficient__attr_""real""__coeff_4"
351,"value__fft_coefficient__attr_""angle""__coeff_87","value__fft_coefficient__attr_""angle""__coeff_4"
352,value__number_peaks__n_50,"value__fft_coefficient__attr_""angle""__coeff_12"
353,value__last_location_of_minimum,value__cid_ce__normalize_True
354,"value__fft_coefficient__attr_""abs""__coeff_12","value__fft_coefficient__attr_""angle""__coeff_58"
355,value__skewness,"value__fft_coefficient__attr_""imag""__coeff_73"
356,"value__cwt_coefficients__coeff_11__w_2__widths_(2, 5, 10, 20)",value__energy_ratio_by_chunks__num_segments_10__segment_focus_5
357,"value__fft_coefficient__attr_""abs""__coeff_34","value__fft_coefficient__attr_""imag""__coeff_24"
358,value__friedrich_coefficients__coeff_3__m_3__r_30,"value__fft_coefficient__attr_""angle""__coeff_72"
359,"value__change_quantiles__f_agg_""var""__isabs_False__qh_0.8__ql_0.0","value__fft_coefficient__attr_""angle""__coeff_60"
360,"value__fft_coefficient__attr_""angle""__coeff_75","value__fft_coefficient__attr_""imag""__coeff_83"
361,value__ar_coefficient__coeff_9__k_10,"value__fft_coefficient__attr_""angle""__coeff_53"
362,"value__fft_coefficient__attr_""angle""__coeff_94",value__spkt_welch_density__coeff_2
363,value__benford_correlation,"value__fft_coefficient__attr_""angle""__coeff_74"
364,"value__fft_coefficient__attr_""abs""__coeff_20","value__fft_coefficient__attr_""real""__coeff_7"
365,value__approximate_entropy__m_2__r_0.9,value__index_mass_quantile__q_0.7
366,value__ratio_beyond_r_sigma__r_7,"value__fft_coefficient__attr_""imag""__coeff_96"
367,value__number_crossing_m__m_0,value__symmetry_looking__r_0.1
368,"value__fft_coefficient__attr_""real""__coeff_69","value__fft_coefficient__attr_""abs""__coeff_41"
369,value__partial_autocorrelation__lag_8,"value__fft_coefficient__attr_""abs""__coeff_23"
370,"value__fft_coefficient__attr_""angle""__coeff_4","value__change_quantiles__f_agg_""var""__isabs_False__qh_0.6__ql_0.2"
371,"value__fft_coefficient__attr_""angle""__coeff_60","value__fft_coefficient__attr_""imag""__coeff_21"
372,value__first_location_of_minimum,"value__fft_coefficient__attr_""abs""__coeff_70"
373,value__energy_ratio_by_chunks__num_segments_10__segment_focus_9,"value__fft_coefficient__attr_""imag""__coeff_95"
374,"value__agg_linear_trend__attr_""rvalue""__chunk_len_5__f_agg_""var""","value__fft_coefficient__attr_""abs""__coeff_14"
375,"value__fft_coefficient__attr_""imag""__coeff_9","value__fft_coefficient__attr_""angle""__coeff_26"
376,"value__fft_coefficient__attr_""angle""__coeff_53","value__fft_coefficient__attr_""angle""__coeff_3"
377,"value__change_quantiles__f_agg_""mean""__isabs_True__qh_1.0__ql_0.2","value__fft_coefficient__attr_""imag""__coeff_92"
378,value__friedrich_coefficients__coeff_1__m_3__r_30,"value__fft_coefficient__attr_""abs""__coeff_19"
379,value__partial_autocorrelation__lag_7,"value__fft_coefficient__attr_""imag""__coeff_7"
380,"value__fft_coefficient__attr_""imag""__coeff_73","value__fft_coefficient__attr_""abs""__coeff_99"
381,"value__change_quantiles__f_agg_""mean""__isabs_False__qh_0.2__ql_0.0","value__fft_coefficient__attr_""imag""__coeff_82"
382,"value__fft_coefficient__attr_""abs""__coeff_13","value__fft_coefficient__attr_""imag""__coeff_50"
383,value__max_langevin_fixed_point__m_3__r_30,"value__fft_coefficient__attr_""angle""__coeff_36"
384,"value__change_quantiles__f_agg_""var""__isabs_False__qh_0.4__ql_0.2",value__index_mass_quantile__q_0.4
385,"value__fft_coefficient__attr_""angle""__coeff_36","value__fft_coefficient__attr_""real""__coeff_2"
386,"value__agg_linear_trend__attr_""stderr""__chunk_len_10__f_agg_""max""","value__fft_coefficient__attr_""angle""__coeff_32"
387,"value__fft_coefficient__attr_""real""__coeff_81","value__fft_coefficient__attr_""abs""__coeff_47"
388,"value__fft_coefficient__attr_""abs""__coeff_79","value__fft_coefficient__attr_""imag""__coeff_23"
389,"value__cwt_coefficients__coeff_10__w_20__widths_(2, 5, 10, 20)","value__fft_coefficient__attr_""abs""__coeff_77"
390,value__autocorrelation__lag_0,"value__fft_coefficient__attr_""imag""__coeff_49"
391,"value__fft_coefficient__attr_""real""__coeff_11","value__fft_coefficient__attr_""angle""__coeff_80"
392,"value__fft_coefficient__attr_""real""__coeff_21",value__absolute_sum_of_changes
393,value__ratio_beyond_r_sigma__r_5,"value__fft_coefficient__attr_""angle""__coeff_97"
394,"value__change_quantiles__f_agg_""var""__isabs_True__qh_1.0__ql_0.6",value__ratio_beyond_r_sigma__r_1.5
395,"value__cwt_coefficients__coeff_8__w_10__widths_(2, 5, 10, 20)","value__fft_coefficient__attr_""angle""__coeff_81"
396,value__count_below_mean,"value__fft_coefficient__attr_""angle""__coeff_98"
397,"value__fft_coefficient__attr_""real""__coeff_88","value__fft_coefficient__attr_""imag""__coeff_86"
398,value__spkt_welch_density__coeff_2,"value__change_quantiles__f_agg_""var""__isabs_True__qh_1.0__ql_0.8"
399,value__ar_coefficient__coeff_5__k_10,"value__fft_coefficient__attr_""imag""__coeff_8"
400,"value__change_quantiles__f_agg_""mean""__isabs_True__qh_0.2__ql_0.0","value__fft_coefficient__attr_""abs""__coeff_40"
401,"value__fft_coefficient__attr_""angle""__coeff_58","value__fft_coefficient__attr_""imag""__coeff_75"
402,"value__fft_coefficient__attr_""real""__coeff_44","value__fft_coefficient__attr_""abs""__coeff_30"
403,"value__fft_coefficient__attr_""abs""__coeff_47","value__agg_linear_trend__attr_""rvalue""__chunk_len_5__f_agg_""max"""
404,"value__change_quantiles__f_agg_""var""__isabs_False__qh_0.8__ql_0.2","value__fft_coefficient__attr_""imag""__coeff_16"
405,"value__fft_coefficient__attr_""real""__coeff_86","value__fft_coefficient__attr_""abs""__coeff_15"
406,"value__fft_coefficient__attr_""real""__coeff_25","value__fft_coefficient__attr_""imag""__coeff_89"
407,"value__fft_coefficient__attr_""real""__coeff_70","value__fft_coefficient__attr_""angle""__coeff_38"
408,value__partial_autocorrelation__lag_5,"value__fft_coefficient__attr_""angle""__coeff_21"
409,"value__fft_coefficient__attr_""real""__coeff_10",value__approximate_entropy__m_2__r_0.5
410,"value__fft_coefficient__attr_""real""__coeff_38","value__fft_coefficient__attr_""angle""__coeff_6"
411,"value__fft_coefficient__attr_""imag""__coeff_70","value__cwt_coefficients__coeff_7__w_10__widths_(2, 5, 10, 20)"
412,"value__fft_coefficient__attr_""angle""__coeff_13","value__fft_coefficient__attr_""imag""__coeff_66"
413,"value__fft_coefficient__attr_""real""__coeff_56","value__fft_coefficient__attr_""abs""__coeff_34"
414,"value__cwt_coefficients__coeff_13__w_20__widths_(2, 5, 10, 20)","value__agg_linear_trend__attr_""slope""__chunk_len_5__f_agg_""var"""
415,"value__fft_coefficient__attr_""imag""__coeff_83",value__mean_abs_change
416,value__large_standard_deviation__r_0.15000000000000002,"value__change_quantiles__f_agg_""mean""__isabs_True__qh_1.0__ql_0.0"
417,value__mean_second_derivative_central,"value__fft_coefficient__attr_""abs""__coeff_2"
418,"value__fft_aggregated__aggtype_""skew""","value__fft_coefficient__attr_""imag""__coeff_62"
419,"value__fft_coefficient__attr_""real""__coeff_12","value__fft_coefficient__attr_""imag""__coeff_46"
420,"value__fft_coefficient__attr_""real""__coeff_89","value__fft_coefficient__attr_""imag""__coeff_47"
421,"value__fft_coefficient__attr_""real""__coeff_22","value__fft_coefficient__attr_""imag""__coeff_94"
422,"value__fft_coefficient__attr_""real""__coeff_78","value__fft_coefficient__attr_""imag""__coeff_44"
423,"value__fft_coefficient__attr_""imag""__coeff_35","value__agg_linear_trend__attr_""stderr""__chunk_len_5__f_agg_""mean"""
424,"value__fft_coefficient__attr_""real""__coeff_68",value__energy_ratio_by_chunks__num_segments_10__segment_focus_9
425,"value__fft_coefficient__attr_""abs""__coeff_70",value__autocorrelation__lag_6
426,"value__fft_coefficient__attr_""real""__coeff_57","value__fft_coefficient__attr_""imag""__coeff_77"
427,value__large_standard_deviation__r_0.30000000000000004,"value__fft_coefficient__attr_""imag""__coeff_52"
428,"value__fft_coefficient__attr_""angle""__coeff_47","value__fft_coefficient__attr_""imag""__coeff_54"
429,"value__fft_coefficient__attr_""angle""__coeff_93","value__fft_coefficient__attr_""imag""__coeff_69"
430,value__c3__lag_3,value__index_mass_quantile__q_0.8
431,"value__agg_linear_trend__attr_""rvalue""__chunk_len_10__f_agg_""var""","value__fft_coefficient__attr_""imag""__coeff_41"
432,"value__fft_coefficient__attr_""real""__coeff_53","value__agg_linear_trend__attr_""intercept""__chunk_len_5__f_agg_""var"""
433,value__partial_autocorrelation__lag_6,"value__fft_coefficient__attr_""imag""__coeff_88"
434,"value__fft_coefficient__attr_""imag""__coeff_92","value__fft_coefficient__attr_""imag""__coeff_93"
435,value__c3__lag_2,"value__fft_coefficient__attr_""imag""__coeff_27"
436,"value__fft_coefficient__attr_""abs""__coeff_22",value__number_crossing_m__m_-1
437,"value__fft_coefficient__attr_""real""__coeff_15","value__fft_coefficient__attr_""imag""__coeff_37"
438,"value__fft_coefficient__attr_""real""__coeff_66","value__agg_linear_trend__attr_""slope""__chunk_len_5__f_agg_""min"""
439,value__partial_autocorrelation__lag_4,value__lempel_ziv_complexity__bins_5
440,"value__cwt_coefficients__coeff_12__w_2__widths_(2, 5, 10, 20)","value__fft_coefficient__attr_""abs""__coeff_79"
441,"value__fft_coefficient__attr_""real""__coeff_40","value__fft_coefficient__attr_""abs""__coeff_18"
442,"value__fft_coefficient__attr_""angle""__coeff_74",value__symmetry_looking__r_0.05
443,value__c3__lag_1,value__spkt_welch_density__coeff_8
444,"value__fft_coefficient__attr_""real""__coeff_87","value__cwt_coefficients__coeff_0__w_5__widths_(2, 5, 10, 20)"
445,value__permutation_entropy__dimension_5__tau_1,"value__change_quantiles__f_agg_""mean""__isabs_True__qh_1.0__ql_0.4"
446,"value__fft_coefficient__attr_""angle""__coeff_81",value__fourier_entropy__bins_5
447,"value__fft_coefficient__attr_""imag""__coeff_95","value__fft_coefficient__attr_""imag""__coeff_78"
448,"value__fft_coefficient__attr_""real""__coeff_34",value__ratio_beyond_r_sigma__r_0.5
449,value__energy_ratio_by_chunks__num_segments_10__segment_focus_4,"value__fft_coefficient__attr_""imag""__coeff_71"
450,value__number_cwt_peaks__n_5,value__ratio_beyond_r_sigma__r_3
451,value__maximum,value__ar_coefficient__coeff_1__k_10
452,"value__fft_coefficient__attr_""angle""__coeff_26","value__change_quantiles__f_agg_""var""__isabs_False__qh_1.0__ql_0.4"
453,"value__fft_coefficient__attr_""abs""__coeff_50","value__agg_linear_trend__attr_""stderr""__chunk_len_50__f_agg_""max"""
454,"value__fft_coefficient__attr_""real""__coeff_19",value__ar_coefficient__coeff_4__k_10
455,"value__fft_coefficient__attr_""imag""__coeff_50","value__fft_coefficient__attr_""imag""__coeff_57"
456,"value__cwt_coefficients__coeff_0__w_5__widths_(2, 5, 10, 20)","value__agg_linear_trend__attr_""rvalue""__chunk_len_5__f_agg_""mean"""
457,"value__fft_coefficient__attr_""imag""__coeff_94","value__fft_coefficient__attr_""abs""__coeff_83"
458,"value__fft_coefficient__attr_""angle""__coeff_83","value__change_quantiles__f_agg_""var""__isabs_True__qh_0.8__ql_0.2"
459,"value__agg_linear_trend__attr_""slope""__chunk_len_10__f_agg_""var""","value__fft_coefficient__attr_""angle""__coeff_84"
460,value__ar_coefficient__coeff_4__k_10,"value__fft_coefficient__attr_""real""__coeff_1"
461,value__abs_energy,"value__fft_coefficient__attr_""imag""__coeff_61"
462,value__approximate_entropy__m_2__r_0.3,value__energy_ratio_by_chunks__num_segments_10__segment_focus_2
463,"value__fft_coefficient__attr_""real""__coeff_31",value__energy_ratio_by_chunks__num_segments_10__segment_focus_4
464,value__quantile__q_0.9,"value__fft_coefficient__attr_""imag""__coeff_35"
465,"value__fft_coefficient__attr_""angle""__coeff_95","value__change_quantiles__f_agg_""var""__isabs_False__qh_0.2__ql_0.0"
466,"value__fft_coefficient__attr_""real""__coeff_98","value__fft_coefficient__attr_""imag""__coeff_32"
467,"value__fft_coefficient__attr_""real""__coeff_65","value__fft_coefficient__attr_""abs""__coeff_31"
468,"value__cwt_coefficients__coeff_8__w_2__widths_(2, 5, 10, 20)","value__change_quantiles__f_agg_""mean""__isabs_True__qh_0.8__ql_0.0"
469,"value__fft_coefficient__attr_""angle""__coeff_29",value__first_location_of_maximum
470,"value__fft_coefficient__attr_""abs""__coeff_68","value__fft_coefficient__attr_""abs""__coeff_68"
471,"value__fft_coefficient__attr_""imag""__coeff_75","value__fft_coefficient__attr_""abs""__coeff_48"
472,"value__fft_coefficient__attr_""real""__coeff_62",value__spkt_welch_density__coeff_5
473,"value__fft_coefficient__attr_""angle""__coeff_71",value__ar_coefficient__coeff_3__k_10
474,"value__fft_coefficient__attr_""abs""__coeff_31",value__autocorrelation__lag_7
475,value__range_count__max_1000000000000.0__min_0,value__first_location_of_minimum
476,value__spkt_welch_density__coeff_8,"value__agg_linear_trend__attr_""slope""__chunk_len_50__f_agg_""min"""
477,"value__fft_coefficient__attr_""abs""__coeff_0","value__fft_coefficient__attr_""abs""__coeff_22"
478,"value__fft_coefficient__attr_""real""__coeff_79","value__change_quantiles__f_agg_""mean""__isabs_False__qh_0.4__ql_0.2"
479,"value__change_quantiles__f_agg_""mean""__isabs_True__qh_0.4__ql_0.2","value__fft_coefficient__attr_""abs""__coeff_4"
480,"value__fft_coefficient__attr_""real""__coeff_97","value__fft_coefficient__attr_""angle""__coeff_28"
481,value__count_above__t_0,value__time_reversal_asymmetry_statistic__lag_1
482,"value__change_quantiles__f_agg_""mean""__isabs_True__qh_0.6__ql_0.0",value__fourier_entropy__bins_10
483,"value__fft_coefficient__attr_""real""__coeff_71","value__change_quantiles__f_agg_""mean""__isabs_False__qh_0.8__ql_0.0"
484,"value__fft_coefficient__attr_""real""__coeff_59","value__fft_coefficient__attr_""real""__coeff_6"
485,value__permutation_entropy__dimension_7__tau_1,value__partial_autocorrelation__lag_6
486,"value__fft_coefficient__attr_""angle""__coeff_3",value__ratio_beyond_r_sigma__r_1
487,"value__fft_coefficient__attr_""imag""__coeff_88","value__fft_coefficient__attr_""imag""__coeff_12"
488,"value__fft_coefficient__attr_""real""__coeff_77","value__fft_coefficient__attr_""abs""__coeff_64"
489,value__range_count__max_0__min_-1000000000000.0,"value__fft_coefficient__attr_""abs""__coeff_61"
490,"value__fft_coefficient__attr_""imag""__coeff_37","value__change_quantiles__f_agg_""mean""__isabs_True__qh_0.6__ql_0.2"
491,"value__fft_coefficient__attr_""abs""__coeff_64",value__autocorrelation__lag_9
492,"value__fft_coefficient__attr_""imag""__coeff_65",value__number_peaks__n_50
493,value__count_above_mean,"value__fft_coefficient__attr_""imag""__coeff_22"
494,"value__fft_coefficient__attr_""imag""__coeff_86","value__agg_linear_trend__attr_""stderr""__chunk_len_50__f_agg_""min"""
495,"value__fft_coefficient__attr_""angle""__coeff_65","value__change_quantiles__f_agg_""mean""__isabs_True__qh_0.8__ql_0.4"
496,"value__fft_coefficient__attr_""angle""__coeff_97","value__fft_coefficient__attr_""abs""__coeff_20"
497,value__quantile__q_0.8,value__ratio_beyond_r_sigma__r_2.5
498,"value__fft_coefficient__attr_""real""__coeff_45",value__skewness
499,value__ar_coefficient__coeff_10__k_10,value__autocorrelation__lag_8
500,value__variance_larger_than_standard_deviation,value__autocorrelation__lag_3
501,"value__change_quantiles__f_agg_""mean""__isabs_False__qh_0.6__ql_0.4","value__fft_coefficient__attr_""imag""__coeff_29"
502,"value__fft_coefficient__attr_""real""__coeff_60",value__number_cwt_peaks__n_5
503,value__count_below__t_0,"value__fft_coefficient__attr_""abs""__coeff_53"
504,"value__fft_coefficient__attr_""imag""__coeff_62","value__change_quantiles__f_agg_""mean""__isabs_True__qh_0.4__ql_0.0"
505,value__root_mean_square,"value__fft_coefficient__attr_""abs""__coeff_50"
506,"value__fft_coefficient__attr_""real""__coeff_75","value__fft_coefficient__attr_""abs""__coeff_57"
507,"value__fft_coefficient__attr_""angle""__coeff_86","value__fft_coefficient__attr_""imag""__coeff_9"
508,value__binned_entropy__max_bins_10,value__ar_coefficient__coeff_2__k_10
509,"value__fft_coefficient__attr_""angle""__coeff_84","value__fft_coefficient__attr_""abs""__coeff_54"
510,"value__fft_coefficient__attr_""angle""__coeff_38","value__fft_coefficient__attr_""abs""__coeff_67"
511,value__quantile__q_0.7,"value__fft_coefficient__attr_""abs""__coeff_12"
512,"value__fft_coefficient__attr_""abs""__coeff_48","value__fft_coefficient__attr_""abs""__coeff_76"
513,"value__fft_coefficient__attr_""real""__coeff_80",value__lempel_ziv_complexity__bins_3
514,"value__cwt_coefficients__coeff_6__w_2__widths_(2, 5, 10, 20)","value__fft_coefficient__attr_""abs""__coeff_73"
515,"value__fft_coefficient__attr_""angle""__coeff_80",value__friedrich_coefficients__coeff_3__m_3__r_30
516,value__permutation_entropy__dimension_3__tau_1,"value__fft_coefficient__attr_""abs""__coeff_27"
517,"value__fft_coefficient__attr_""real""__coeff_16",value__fourier_entropy__bins_2
518,"value__fft_coefficient__attr_""imag""__coeff_20",value__autocorrelation__lag_5
519,"value__fft_coefficient__attr_""real""__coeff_36",value__fourier_entropy__bins_100
520,"value__fft_coefficient__attr_""imag""__coeff_93","value__fft_coefficient__attr_""imag""__coeff_20"
521,value__quantile__q_0.6,value__variance_larger_than_standard_deviation
522,"value__fft_coefficient__attr_""imag""__coeff_78",value__friedrich_coefficients__coeff_2__m_3__r_30
523,"value__fft_coefficient__attr_""angle""__coeff_62","value__fft_aggregated__aggtype_""skew"""
524,"value__fft_coefficient__attr_""imag""__coeff_96",value__partial_autocorrelation__lag_5
525,"value__fft_coefficient__attr_""imag""__coeff_89","value__agg_linear_trend__attr_""slope""__chunk_len_50__f_agg_""var"""
526,value__ar_coefficient__coeff_2__k_10,"value__fft_coefficient__attr_""abs""__coeff_49"
527,"value__fft_coefficient__attr_""real""__coeff_20","value__change_quantiles__f_agg_""mean""__isabs_False__qh_0.8__ql_0.4"
528,"value__fft_coefficient__attr_""angle""__coeff_98","value__fft_coefficient__attr_""abs""__coeff_63"
529,"value__cwt_coefficients__coeff_3__w_20__widths_(2, 5, 10, 20)","value__cwt_coefficients__coeff_13__w_2__widths_(2, 5, 10, 20)"
530,value__number_crossing_m__m_1,"value__cwt_coefficients__coeff_8__w_2__widths_(2, 5, 10, 20)"
531,"value__fft_coefficient__attr_""imag""__coeff_66",value__permutation_entropy__dimension_7__tau_1
532,"value__fft_coefficient__attr_""angle""__coeff_54","value__fft_coefficient__attr_""abs""__coeff_96"
533,"value__fft_coefficient__attr_""imag""__coeff_44","value__agg_linear_trend__attr_""intercept""__chunk_len_50__f_agg_""var"""
534,value__median,"value__augmented_dickey_fuller__attr_""teststat""__autolag_""AIC"""
535,"value__fft_coefficient__attr_""real""__coeff_7","value__fft_coefficient__attr_""abs""__coeff_98"
536,"value__fft_aggregated__aggtype_""kurtosis""","value__agg_linear_trend__attr_""slope""__chunk_len_10__f_agg_""min"""
537,"value__fft_coefficient__attr_""angle""__coeff_32","value__change_quantiles__f_agg_""mean""__isabs_True__qh_0.8__ql_0.6"
538,"value__cwt_coefficients__coeff_7__w_2__widths_(2, 5, 10, 20)","value__fft_coefficient__attr_""abs""__coeff_13"
539,value__quantile__q_0.4,"value__change_quantiles__f_agg_""mean""__isabs_True__qh_1.0__ql_0.8"
540,"value__agg_linear_trend__attr_""stderr""__chunk_len_5__f_agg_""min""","value__fft_coefficient__attr_""abs""__coeff_66"
541,"value__fft_coefficient__attr_""imag""__coeff_27",value__partial_autocorrelation__lag_8
542,"value__fft_coefficient__attr_""real""__coeff_4","value__fft_coefficient__attr_""abs""__coeff_36"
543,value__ratio_beyond_r_sigma__r_1.5,"value__fft_coefficient__attr_""abs""__coeff_28"
544,"value__fft_coefficient__attr_""angle""__coeff_78","value__agg_linear_trend__attr_""rvalue""__chunk_len_10__f_agg_""min"""
545,"value__fft_coefficient__attr_""abs""__coeff_61","value__fft_coefficient__attr_""abs""__coeff_44"
546,"value__fft_coefficient__attr_""imag""__coeff_77","value__fft_coefficient__attr_""abs""__coeff_81"
547,value__mean,"value__fft_coefficient__attr_""abs""__coeff_78"
548,"value__change_quantiles__f_agg_""var""__isabs_True__qh_1.0__ql_0.0",value__symmetry_looking__r_0.15000000000000002
549,value__sum_values,"value__fft_coefficient__attr_""abs""__coeff_52"
550,"value__fft_coefficient__attr_""imag""__coeff_61","value__fft_coefficient__attr_""abs""__coeff_87"
551,"value__fft_coefficient__attr_""imag""__coeff_52","value__change_quantiles__f_agg_""var""__isabs_False__qh_1.0__ql_0.6"
552,"value__fft_coefficient__attr_""real""__coeff_3","value__fft_coefficient__attr_""abs""__coeff_58"
553,"value__fft_coefficient__attr_""real""__coeff_0","value__change_quantiles__f_agg_""var""__isabs_True__qh_1.0__ql_0.2"
554,"value__fft_coefficient__attr_""real""__coeff_33","value__fft_coefficient__attr_""imag""__coeff_25"
555,"value__fft_coefficient__attr_""angle""__coeff_21","value__fft_coefficient__attr_""abs""__coeff_95"
556,"value__fft_coefficient__attr_""real""__coeff_64",value__index_mass_quantile__q_0.9
557,value__partial_autocorrelation__lag_3,value__binned_entropy__max_bins_10
558,"value__change_quantiles__f_agg_""mean""__isabs_False__qh_0.6__ql_0.0","value__fft_coefficient__attr_""abs""__coeff_94"
559,value__approximate_entropy__m_2__r_0.7,"value__fft_coefficient__attr_""abs""__coeff_85"
560,"value__fft_coefficient__attr_""imag""__coeff_71","value__fft_coefficient__attr_""abs""__coeff_39"
561,"value__fft_coefficient__attr_""imag""__coeff_49","value__change_quantiles__f_agg_""var""__isabs_False__qh_0.4__ql_0.2"
562,value__quantile__q_0.3,"value__fft_coefficient__attr_""imag""__coeff_19"
563,"value__fft_coefficient__attr_""imag""__coeff_69","value__agg_autocorrelation__f_agg_""mean""__maxlag_40"
564,"value__fft_coefficient__attr_""imag""__coeff_54","value__augmented_dickey_fuller__attr_""pvalue""__autolag_""AIC"""
565,"value__fft_coefficient__attr_""imag""__coeff_22","value__change_quantiles__f_agg_""mean""__isabs_True__qh_0.2__ql_0.0"
566,value__permutation_entropy__dimension_6__tau_1,"value__fft_coefficient__attr_""abs""__coeff_90"
567,value__large_standard_deviation__r_0.2,"value__fft_coefficient__attr_""abs""__coeff_24"
568,"value__fft_coefficient__attr_""real""__coeff_2","value__fft_coefficient__attr_""abs""__coeff_69"
569,value__number_crossing_m__m_-1,value__time_reversal_asymmetry_statistic__lag_3
570,"value__fft_coefficient__attr_""angle""__coeff_35","value__fft_coefficient__attr_""abs""__coeff_37"
571,"value__change_quantiles__f_agg_""mean""__isabs_False__qh_0.8__ql_0.4","value__fft_coefficient__attr_""abs""__coeff_5"
572,"value__fft_coefficient__attr_""angle""__coeff_57","value__fft_coefficient__attr_""abs""__coeff_42"
573,value__quantile__q_0.2,"value__change_quantiles__f_agg_""var""__isabs_False__qh_0.8__ql_0.0"
574,"value__fft_coefficient__attr_""angle""__coeff_14",value__partial_autocorrelation__lag_3
575,"value__fft_coefficient__attr_""real""__coeff_8",value__number_peaks__n_5
576,"value__fft_coefficient__attr_""abs""__coeff_98","value__fft_coefficient__attr_""abs""__coeff_38"
577,value__symmetry_looking__r_0.05,"value__fft_coefficient__attr_""abs""__coeff_72"
578,"value__fft_coefficient__attr_""imag""__coeff_47","value__fft_coefficient__attr_""abs""__coeff_93"
579,"value__cwt_coefficients__coeff_12__w_20__widths_(2, 5, 10, 20)","value__change_quantiles__f_agg_""var""__isabs_False__qh_0.4__ql_0.0"
580,"value__fft_coefficient__attr_""angle""__coeff_12","value__fft_coefficient__attr_""abs""__coeff_71"
581,"value__agg_linear_trend__attr_""intercept""__chunk_len_50__f_agg_""max""","value__fft_coefficient__attr_""abs""__coeff_88"
582,"value__fft_coefficient__attr_""angle""__coeff_15","value__change_quantiles__f_agg_""var""__isabs_True__qh_1.0__ql_0.6"
583,"value__fft_coefficient__attr_""imag""__coeff_82","value__fft_coefficient__attr_""abs""__coeff_60"
584,"value__fft_coefficient__attr_""angle""__coeff_28",value__permutation_entropy__dimension_3__tau_1
585,"value__change_quantiles__f_agg_""mean""__isabs_False__qh_0.6__ql_0.2","value__fft_coefficient__attr_""abs""__coeff_46"
586,"value__cwt_coefficients__coeff_10__w_10__widths_(2, 5, 10, 20)","value__fft_coefficient__attr_""imag""__coeff_6"
587,"value__fft_coefficient__attr_""real""__coeff_6","value__fft_coefficient__attr_""abs""__coeff_35"
588,"value__fft_coefficient__attr_""imag""__coeff_57","value__change_quantiles__f_agg_""mean""__isabs_True__qh_1.0__ql_0.2"
589,"value__agg_linear_trend__attr_""intercept""__chunk_len_10__f_agg_""max""","value__cwt_coefficients__coeff_0__w_20__widths_(2, 5, 10, 20)"
590,value__mean_n_absolute_max__number_of_maxima_7,"value__fft_coefficient__attr_""abs""__coeff_45"
591,"value__fft_coefficient__attr_""angle""__coeff_69","value__fft_coefficient__attr_""abs""__coeff_26"
592,"value__change_quantiles__f_agg_""mean""__isabs_False__qh_0.8__ql_0.0",value__approximate_entropy__m_2__r_0.9
593,value__quantile__q_0.1,"value__fft_coefficient__attr_""abs""__coeff_92"
594,"value__fft_coefficient__attr_""abs""__coeff_44",value__c3__lag_3
595,"value__agg_linear_trend__attr_""intercept""__chunk_len_5__f_agg_""max""","value__agg_linear_trend__attr_""stderr""__chunk_len_10__f_agg_""max"""
596,value__absolute_maximum,"value__fft_coefficient__attr_""imag""__coeff_15"
597,"value__fft_coefficient__attr_""angle""__coeff_6","value__cwt_coefficients__coeff_7__w_2__widths_(2, 5, 10, 20)"
598,value__spkt_welch_density__coeff_5,"value__fft_coefficient__attr_""abs""__coeff_86"
599,"value__cwt_coefficients__coeff_5__w_2__widths_(2, 5, 10, 20)","value__fft_coefficient__attr_""abs""__coeff_97"
600,value__number_cwt_peaks__n_1,"value__fft_coefficient__attr_""abs""__coeff_89"
601,"value__agg_linear_trend__attr_""intercept""__chunk_len_50__f_agg_""mean""","value__fft_coefficient__attr_""abs""__coeff_51"
602,value__ar_coefficient__coeff_3__k_10,value__ratio_beyond_r_sigma__r_5
603,"value__fft_coefficient__attr_""imag""__coeff_6","value__cwt_coefficients__coeff_11__w_2__widths_(2, 5, 10, 20)"
604,"value__agg_linear_trend__attr_""slope""__chunk_len_50__f_agg_""var""","value__fft_coefficient__attr_""abs""__coeff_75"
605,"value__agg_linear_trend__attr_""intercept""__chunk_len_10__f_agg_""mean""",value__number_peaks__n_10
606,"value__fft_coefficient__attr_""imag""__coeff_41","value__agg_linear_trend__attr_""rvalue""__chunk_len_5__f_agg_""var"""
607,"value__agg_linear_trend__attr_""intercept""__chunk_len_5__f_agg_""mean""",value__large_standard_deviation__r_0.2
608,"value__fft_coefficient__attr_""imag""__coeff_46","value__change_quantiles__f_agg_""mean""__isabs_True__qh_0.4__ql_0.2"
609,"value__fft_coefficient__attr_""abs""__coeff_76","value__fft_coefficient__attr_""imag""__coeff_11"
610,"value__linear_trend__attr_""intercept""",value__energy_ratio_by_chunks__num_segments_10__segment_focus_6
611,"value__change_quantiles__f_agg_""mean""__isabs_False__qh_0.4__ql_0.2","value__fft_coefficient__attr_""abs""__coeff_62"
612,value__minimum,"value__fft_coefficient__attr_""abs""__coeff_84"
613,"value__fft_coefficient__attr_""abs""__coeff_73","value__fft_coefficient__attr_""abs""__coeff_25"
614,"value__agg_linear_trend__attr_""intercept""__chunk_len_5__f_agg_""min""","value__fft_coefficient__attr_""imag""__coeff_14"
615,"value__change_quantiles__f_agg_""var""__isabs_True__qh_0.4__ql_0.2","value__fft_coefficient__attr_""abs""__coeff_21"
616,value__lempel_ziv_complexity__bins_2,"value__change_quantiles__f_agg_""var""__isabs_False__qh_0.8__ql_0.2"
617,value__number_peaks__n_5,"value__fft_coefficient__attr_""abs""__coeff_16"
618,"value__augmented_dickey_fuller__attr_""teststat""__autolag_""AIC""","value__change_quantiles__f_agg_""mean""__isabs_True__qh_0.6__ql_0.0"
619,"value__agg_linear_trend__attr_""intercept""__chunk_len_10__f_agg_""min""","value__fft_coefficient__attr_""abs""__coeff_33"
620,"value__fft_coefficient__attr_""abs""__coeff_94",value__sum_of_reoccurring_data_points
621,"value__fft_coefficient__attr_""imag""__coeff_11","value__change_quantiles__f_agg_""var""__isabs_True__qh_1.0__ql_0.0"
622,"value__fft_coefficient__attr_""abs""__coeff_67","value__fft_coefficient__attr_""imag""__coeff_13"
623,"value__fft_coefficient__attr_""real""__coeff_1","value__agg_linear_trend__attr_""stderr""__chunk_len_5__f_agg_""min"""
624,"value__cwt_coefficients__coeff_5__w_5__widths_(2, 5, 10, 20)","value__fft_aggregated__aggtype_""centroid"""
625,"value__agg_linear_trend__attr_""stderr""__chunk_len_5__f_agg_""var""",value__approximate_entropy__m_2__r_0.3
626,"value__cwt_coefficients__coeff_6__w_5__widths_(2, 5, 10, 20)",value__number_crossing_m__m_0
627,"value__agg_linear_trend__attr_""stderr""__chunk_len_50__f_agg_""var""",value__partial_autocorrelation__lag_7
628,"value__cwt_coefficients__coeff_4__w_5__widths_(2, 5, 10, 20)",value__permutation_entropy__dimension_5__tau_1
629,"value__cwt_coefficients__coeff_1__w_2__widths_(2, 5, 10, 20)","value__fft_coefficient__attr_""abs""__coeff_11"
630,"value__cwt_coefficients__coeff_4__w_2__widths_(2, 5, 10, 20)","value__fft_coefficient__attr_""abs""__coeff_8"
631,"value__cwt_coefficients__coeff_7__w_5__widths_(2, 5, 10, 20)",value__last_location_of_minimum
632,"value__fft_coefficient__attr_""imag""__coeff_29","value__fft_coefficient__attr_""imag""__coeff_4"
633,"value__agg_linear_trend__attr_""intercept""__chunk_len_50__f_agg_""min""",value__friedrich_coefficients__coeff_1__m_3__r_30
634,"value__fft_coefficient__attr_""abs""__coeff_42","value__fft_coefficient__attr_""abs""__coeff_7"
635,"value__cwt_coefficients__coeff_3__w_5__widths_(2, 5, 10, 20)",value__abs_energy
636,"value__cwt_coefficients__coeff_8__w_5__widths_(2, 5, 10, 20)",value__approximate_entropy__m_2__r_0.7
637,"value__cwt_coefficients__coeff_2__w_5__widths_(2, 5, 10, 20)",value__lempel_ziv_complexity__bins_2
638,"value__fft_coefficient__attr_""abs""__coeff_96","value__cwt_coefficients__coeff_1__w_20__widths_(2, 5, 10, 20)"
639,"value__cwt_coefficients__coeff_9__w_5__widths_(2, 5, 10, 20)","value__cwt_coefficients__coeff_14__w_5__widths_(2, 5, 10, 20)"
640,"value__fft_coefficient__attr_""abs""__coeff_63",value__lempel_ziv_complexity__bins_10
641,"value__cwt_coefficients__coeff_2__w_2__widths_(2, 5, 10, 20)","value__fft_coefficient__attr_""abs""__coeff_10"
642,"value__fft_coefficient__attr_""imag""__coeff_32","value__cwt_coefficients__coeff_10__w_20__widths_(2, 5, 10, 20)"
643,"value__cwt_coefficients__coeff_10__w_5__widths_(2, 5, 10, 20)","value__agg_linear_trend__attr_""stderr""__chunk_len_5__f_agg_""var"""
644,"value__cwt_coefficients__coeff_3__w_2__widths_(2, 5, 10, 20)","value__agg_linear_trend__attr_""stderr""__chunk_len_50__f_agg_""var"""
645,"value__fft_coefficient__attr_""abs""__coeff_6","value__change_quantiles__f_agg_""var""__isabs_True__qh_0.4__ql_0.2"
646,value__number_peaks__n_10,"value__fft_aggregated__aggtype_""variance"""
647,"value__cwt_coefficients__coeff_14__w_10__widths_(2, 5, 10, 20)","value__cwt_coefficients__coeff_8__w_10__widths_(2, 5, 10, 20)"
648,"value__cwt_coefficients__coeff_1__w_5__widths_(2, 5, 10, 20)","value__fft_coefficient__attr_""abs""__coeff_6"
649,"value__augmented_dickey_fuller__attr_""pvalue""__autolag_""AIC""","value__change_quantiles__f_agg_""var""__isabs_True__qh_0.8__ql_0.0"
650,"value__cwt_coefficients__coeff_14__w_5__widths_(2, 5, 10, 20)","value__cwt_coefficients__coeff_5__w_2__widths_(2, 5, 10, 20)"
651,"value__cwt_coefficients__coeff_13__w_10__widths_(2, 5, 10, 20)","value__cwt_coefficients__coeff_13__w_20__widths_(2, 5, 10, 20)"
652,"value__fft_coefficient__attr_""abs""__coeff_88","value__cwt_coefficients__coeff_3__w_20__widths_(2, 5, 10, 20)"
653,"value__fft_coefficient__attr_""abs""__coeff_27",value__permutation_entropy__dimension_6__tau_1
654,"value__cwt_coefficients__coeff_12__w_10__widths_(2, 5, 10, 20)","value__change_quantiles__f_agg_""mean""__isabs_True__qh_0.8__ql_0.2"
655,"value__fft_coefficient__attr_""abs""__coeff_87","value__fft_coefficient__attr_""angle""__coeff_0"
656,"value__cwt_coefficients__coeff_11__w_10__widths_(2, 5, 10, 20)",value__maximum
657,"value__fft_coefficient__attr_""imag""__coeff_19","value__fft_coefficient__attr_""abs""__coeff_0"
658,"value__fft_coefficient__attr_""abs""__coeff_81","value__change_quantiles__f_agg_""var""__isabs_True__qh_0.4__ql_0.0"
659,"value__cwt_coefficients__coeff_11__w_5__widths_(2, 5, 10, 20)","value__cwt_coefficients__coeff_2__w_20__widths_(2, 5, 10, 20)"
660,"value__fft_coefficient__attr_""abs""__coeff_58","value__change_quantiles__f_agg_""var""__isabs_True__qh_0.6__ql_0.0"
661,"value__cwt_coefficients__coeff_9__w_10__widths_(2, 5, 10, 20)",value__minimum
662,"value__cwt_coefficients__coeff_12__w_5__widths_(2, 5, 10, 20)","value__cwt_coefficients__coeff_12__w_20__widths_(2, 5, 10, 20)"
663,"value__fft_coefficient__attr_""abs""__coeff_89","value__agg_linear_trend__attr_""rvalue""__chunk_len_10__f_agg_""var"""
664,"value__cwt_coefficients__coeff_6__w_10__widths_(2, 5, 10, 20)","value__change_quantiles__f_agg_""var""__isabs_True__qh_1.0__ql_0.4"
665,"value__fft_coefficient__attr_""abs""__coeff_11","value__change_quantiles__f_agg_""var""__isabs_False__qh_1.0__ql_0.0"
666,"value__change_quantiles__f_agg_""var""__isabs_True__qh_0.8__ql_0.0","value__cwt_coefficients__coeff_12__w_5__widths_(2, 5, 10, 20)"
667,"value__fft_coefficient__attr_""abs""__coeff_8","value__cwt_coefficients__coeff_10__w_10__widths_(2, 5, 10, 20)"
668,"value__cwt_coefficients__coeff_5__w_10__widths_(2, 5, 10, 20)",value__quantile__q_0.2
669,"value__fft_coefficient__attr_""imag""__coeff_25","value__agg_linear_trend__attr_""stderr""__chunk_len_10__f_agg_""min"""
670,"value__cwt_coefficients__coeff_13__w_5__widths_(2, 5, 10, 20)",value__autocorrelation__lag_4
671,"value__fft_coefficient__attr_""abs""__coeff_10","value__agg_linear_trend__attr_""rvalue""__chunk_len_5__f_agg_""min"""
672,"value__fft_coefficient__attr_""abs""__coeff_93","value__change_quantiles__f_agg_""mean""__isabs_True__qh_1.0__ql_0.6"
673,"value__cwt_coefficients__coeff_4__w_10__widths_(2, 5, 10, 20)","value__cwt_coefficients__coeff_1__w_10__widths_(2, 5, 10, 20)"
674,"value__fft_coefficient__attr_""imag""__coeff_15","value__agg_linear_trend__attr_""intercept""__chunk_len_50__f_agg_""max"""
675,"value__fft_coefficient__attr_""abs""__coeff_28","value__change_quantiles__f_agg_""var""__isabs_False__qh_0.6__ql_0.0"
676,"value__cwt_coefficients__coeff_2__w_20__widths_(2, 5, 10, 20)","value__cwt_coefficients__coeff_4__w_2__widths_(2, 5, 10, 20)"
677,"value__fft_aggregated__aggtype_""variance""",value__autocorrelation__lag_2
678,"value__cwt_coefficients__coeff_14__w_20__widths_(2, 5, 10, 20)","value__cwt_coefficients__coeff_1__w_5__widths_(2, 5, 10, 20)"
679,"value__fft_coefficient__attr_""abs""__coeff_54","value__agg_linear_trend__attr_""slope""__chunk_len_10__f_agg_""var"""
680,"value__fft_coefficient__attr_""abs""__coeff_16","value__agg_linear_trend__attr_""intercept""__chunk_len_50__f_agg_""min"""
681,value__autocorrelation__lag_4,value__quantile__q_0.7
682,"value__cwt_coefficients__coeff_3__w_10__widths_(2, 5, 10, 20)","value__cwt_coefficients__coeff_13__w_5__widths_(2, 5, 10, 20)"
683,"value__fft_coefficient__attr_""abs""__coeff_7","value__cwt_coefficients__coeff_10__w_5__widths_(2, 5, 10, 20)"
684,"value__cwt_coefficients__coeff_11__w_20__widths_(2, 5, 10, 20)","value__cwt_coefficients__coeff_1__w_2__widths_(2, 5, 10, 20)"
685,"value__fft_coefficient__attr_""abs""__coeff_95","value__agg_linear_trend__attr_""intercept""__chunk_len_50__f_agg_""mean"""
686,"value__fft_aggregated__aggtype_""centroid""","value__cwt_coefficients__coeff_3__w_2__widths_(2, 5, 10, 20)"
687,"value__cwt_coefficients__coeff_0__w_20__widths_(2, 5, 10, 20)",value__cid_ce__normalize_False
688,"value__fft_coefficient__attr_""abs""__coeff_66","value__agg_linear_trend__attr_""intercept""__chunk_len_10__f_agg_""var"""
689,"value__cwt_coefficients__coeff_9__w_20__widths_(2, 5, 10, 20)","value__cwt_coefficients__coeff_2__w_10__widths_(2, 5, 10, 20)"
690,"value__fft_coefficient__attr_""imag""__coeff_13","value__cwt_coefficients__coeff_2__w_5__widths_(2, 5, 10, 20)"
691,"value__cwt_coefficients__coeff_2__w_10__widths_(2, 5, 10, 20)",value__quantile__q_0.4
692,"value__agg_linear_trend__attr_""rvalue""__chunk_len_5__f_agg_""min""","value__cwt_coefficients__coeff_11__w_5__widths_(2, 5, 10, 20)"
693,"value__cwt_coefficients__coeff_8__w_20__widths_(2, 5, 10, 20)","value__agg_linear_trend__attr_""intercept""__chunk_len_5__f_agg_""max"""
694,"value__agg_linear_trend__attr_""intercept""__chunk_len_10__f_agg_""var""",value__quantile__q_0.9
695,"value__fft_coefficient__attr_""abs""__coeff_84","value__cwt_coefficients__coeff_2__w_2__widths_(2, 5, 10, 20)"
696,"value__fft_coefficient__attr_""abs""__coeff_49",value__quantile__q_0.1
697,"value__cwt_coefficients__coeff_7__w_20__widths_(2, 5, 10, 20)","value__cwt_coefficients__coeff_5__w_20__widths_(2, 5, 10, 20)"
698,"value__fft_coefficient__attr_""abs""__coeff_72","value__cwt_coefficients__coeff_8__w_5__widths_(2, 5, 10, 20)"
699,"value__fft_coefficient__attr_""abs""__coeff_86","value__agg_linear_trend__attr_""intercept""__chunk_len_5__f_agg_""min"""
700,"value__cwt_coefficients__coeff_6__w_20__widths_(2, 5, 10, 20)","value__cwt_coefficients__coeff_4__w_5__widths_(2, 5, 10, 20)"
701,"value__fft_coefficient__attr_""imag""__coeff_14",value__root_mean_square
702,"value__fft_coefficient__attr_""abs""__coeff_75","value__cwt_coefficients__coeff_6__w_5__widths_(2, 5, 10, 20)"
703,"value__fft_coefficient__attr_""abs""__coeff_53","value__cwt_coefficients__coeff_3__w_10__widths_(2, 5, 10, 20)"
704,"value__cwt_coefficients__coeff_5__w_20__widths_(2, 5, 10, 20)","value__cwt_coefficients__coeff_9__w_5__widths_(2, 5, 10, 20)"
705,value__autocorrelation__lag_2,value__quantile__q_0.3
706,"value__fft_coefficient__attr_""abs""__coeff_21",value__mean
707,"value__cwt_coefficients__coeff_1__w_10__widths_(2, 5, 10, 20)",value__median
708,"value__fft_coefficient__attr_""abs""__coeff_60","value__cwt_coefficients__coeff_4__w_20__widths_(2, 5, 10, 20)"
709,"value__fft_coefficient__attr_""abs""__coeff_39","value__cwt_coefficients__coeff_7__w_20__widths_(2, 5, 10, 20)"
710,"value__cwt_coefficients__coeff_4__w_20__widths_(2, 5, 10, 20)",value__quantile__q_0.6
711,"value__fft_coefficient__attr_""abs""__coeff_90","value__cwt_coefficients__coeff_14__w_10__widths_(2, 5, 10, 20)"
712,"value__fft_coefficient__attr_""abs""__coeff_78",value__quantile__q_0.8
713,"value__fft_coefficient__attr_""abs""__coeff_97","value__agg_linear_trend__attr_""intercept""__chunk_len_10__f_agg_""max"""
714,"value__change_quantiles__f_agg_""mean""__isabs_True__qh_0.8__ql_0.2","value__agg_linear_trend__attr_""intercept""__chunk_len_10__f_agg_""min"""
715,"value__fft_coefficient__attr_""abs""__coeff_37",value__absolute_maximum
716,"value__fft_coefficient__attr_""abs""__coeff_92","value__cwt_coefficients__coeff_7__w_5__widths_(2, 5, 10, 20)"
717,"value__fft_coefficient__attr_""abs""__coeff_52","value__cwt_coefficients__coeff_4__w_10__widths_(2, 5, 10, 20)"
718,"value__fft_coefficient__attr_""abs""__coeff_26","value__cwt_coefficients__coeff_3__w_5__widths_(2, 5, 10, 20)"
719,"value__change_quantiles__f_agg_""var""__isabs_True__qh_0.6__ql_0.0","value__cwt_coefficients__coeff_5__w_5__widths_(2, 5, 10, 20)"
720,"value__fft_coefficient__attr_""abs""__coeff_57","value__cwt_coefficients__coeff_8__w_20__widths_(2, 5, 10, 20)"
721,"value__change_quantiles__f_agg_""var""__isabs_True__qh_1.0__ql_0.4","value__cwt_coefficients__coeff_6__w_20__widths_(2, 5, 10, 20)"
722,"value__fft_coefficient__attr_""abs""__coeff_25","value__cwt_coefficients__coeff_5__w_10__widths_(2, 5, 10, 20)"
723,"value__fft_coefficient__attr_""abs""__coeff_71","value__cwt_coefficients__coeff_12__w_10__widths_(2, 5, 10, 20)"
724,"value__fft_coefficient__attr_""abs""__coeff_38","value__linear_trend__attr_""intercept"""
725,"value__change_quantiles__f_agg_""var""__isabs_True__qh_0.4__ql_0.0","value__cwt_coefficients__coeff_9__w_20__widths_(2, 5, 10, 20)"
726,"value__agg_linear_trend__attr_""intercept""__chunk_len_50__f_agg_""var""","value__cwt_coefficients__coeff_6__w_10__widths_(2, 5, 10, 20)"
727,"value__fft_coefficient__attr_""imag""__coeff_4","value__cwt_coefficients__coeff_13__w_10__widths_(2, 5, 10, 20)"
728,"value__change_quantiles__f_agg_""mean""__isabs_True__qh_1.0__ql_0.6","value__cwt_coefficients__coeff_9__w_10__widths_(2, 5, 10, 20)"
729,"value__agg_linear_trend__attr_""stderr""__chunk_len_10__f_agg_""min""","value__cwt_coefficients__coeff_11__w_10__widths_(2, 5, 10, 20)"
730,"value__fft_coefficient__attr_""abs""__coeff_24","value__cwt_coefficients__coeff_11__w_20__widths_(2, 5, 10, 20)"
731,"value__fft_coefficient__attr_""abs""__coeff_33","value__cwt_coefficients__coeff_14__w_20__widths_(2, 5, 10, 20)"
732,"value__cwt_coefficients__coeff_1__w_20__widths_(2, 5, 10, 20)","value__agg_linear_trend__attr_""intercept""__chunk_len_10__f_agg_""mean"""
733,"value__fft_coefficient__attr_""abs""__coeff_51",value__c3__lag_1
734,"value__fft_coefficient__attr_""abs""__coeff_35","value__agg_linear_trend__attr_""intercept""__chunk_len_5__f_agg_""mean"""
735,"value__fft_coefficient__attr_""abs""__coeff_69",value__c3__lag_2
736,"value__fft_coefficient__attr_""abs""__coeff_46",value__sum_values
737,"value__change_quantiles__f_agg_""var""__isabs_False__qh_1.0__ql_0.0",value__count_above_mean
738,"value__change_quantiles__f_agg_""var""__isabs_False__qh_0.6__ql_0.0","value__fft_coefficient__attr_""real""__coeff_0"
739,value__cid_ce__normalize_False,value__count_above__t_0
740,"value__fft_coefficient__attr_""abs""__coeff_45",value__range_count__max_0__min_-1000000000000.0
741,"value__fft_coefficient__attr_""abs""__coeff_36",value__count_below__t_0
742,"value__fft_coefficient__attr_""abs""__coeff_62",value__ratio_beyond_r_sigma__r_6
743,"value__fft_coefficient__attr_""abs""__coeff_85",value__ratio_beyond_r_sigma__r_7
